	Comics,Marvel Mystery Comics Vol 1,Alex Schomburg/Cover Artist,Week 38, 1940,1940,1940, November,Joe Simon/Editor-in-Chief,Homo sapiens/Appearances,Jim Hammond (Earth-616)/Appearances,New York City Police Department (Earth-616)/Appearances,Synthezoids/Appearances,Earth-616/Appearances,New York City/Appearances,Namor McKenzie (Earth-616)/Appearances,Dorma (Earth-616)/Appearances,National Socialist German Workers Party (Earth-616)/Appearances,Fen (Earth-616)/Appearances,Toro (Atlantean) (Earth-616)/Appearances,Homo mermanus/Appearances,Atlantean-Human Hybrids/Appearances,Atlantis (Tha-Korr)/Appearances,Aarkus (Earth-616)/Appearances,Enoch Mason (Earth-616)/Appearances,Sheila Mason (Earth-616)/Appearances,Brains Borelli (Earth-616)/Appearances,Markham Erickson (Earth-616)/Appearances,Smokeworlders/Appearances,Lincoln City/Appearances,Dykeman's Wharf/Appearances,Terry Vance (Earth-616)/Appearances,Doctor Watson (Earth-616)/Appearances,Raymond Dawson (Earth-616)/Appearances,Monkeys/Appearances,Electro (Robot) (Earth-616)/Appearances,Philo Zogolowski (Earth-616)/Appearances,Gnorr (Earth-616)/Appearances,Simon Crane (Earth-616)/Appearances,Betty Crane (Earth-616)/Appearances,Robots/Appearances,Luna (Moon)/Appearances,Gnorr's Moon-Robots/Appearances,Thomas Halloway (Earth-616)/Appearances,Limpy Savoy (Earth-616)/Appearances,Happy Nolan (Earth-616)/Appearances,David Rand (Earth-616)/Appearances,Zar (Earth-616)/Appearances,Ruth Wilson (Earth-616)/Appearances,Doctor Wilson (Earth-616)/Appearances,Lions/Appearances,Bronx Zoo/Appearances,Andrew McWhiney/Writer,Harry Ramsey/Penciler,Harry Ramsey/Inker,Typeset/Letterer,Carl Burgos/Writer,Carl Burgos/Penciler,Carl Burgos/Inker,Carl Burgos/Letterer,William Blake Everett/Writer,William Blake Everett/Penciler,William Blake Everett/Inker,William Blake Everett/Letterer,Jack Kirby/Writer,Joe Simon/Writer,Jack Kirby/Penciler,Jack Kirby/Inker,Joe Simon/Inker,Jack Kirby/Letterer,Ray Gill/Writer,Bob Oksner/Penciler,Bob Oksner/Inker,Steve Dahlman/Penciler,Steve Dahlman/Inker,Paul Gustavson/Writer,Paul Gustavson/Penciler,Paul Gustavson/Inker,Paul Gustavson/Letterer,Ben Thompson/Penciler,Ben Thompson/Inker,			Languages			 ,Русский,Türkçe,