	Comics,Marvel Mystery Comics Vol 1,Alex Schomburg/Cover Artist,Week 07, 1941,1941,1941, April,Stan Lee/Editor-in-Chief,Jim Hammond (Earth-616)/Appearances,Thomas Raymond (Earth-616)/Appearances,Kelse Fenton (Earth-616)/Appearances,Homo sapiens/Appearances,Synthezoids/Appearances,Human-Inhuman Hybrids/Appearances,Namor McKenzie (Earth-616)/Appearances,Luther Robinson (Earth-616)/Appearances,Lynne Harris (Earth-616)/Appearances,Thakorr (Earth-616)/Appearances,Fen (Earth-616)/Appearances,Legion of Loyalists (Earth-616)/Appearances,Betty Dean (Earth-616)/Appearances,Bob James (Earth-616)/Appearances,Koka (Earth-616)/Appearances,Adra (Earth-616)/Appearances,Sina (Earth-616)/Appearances,Lobro (Earth-616)/Appearances,Homo mermanus/Appearances,Atlantean-Human Hybrids/Appearances,Atlantis (Tha-Korr)/Appearances,France/Appearances,David Rand (Earth-616)/Appearances,Trajah (Earth-616)/Appearances,Zar (Earth-616)/Appearances,Sha (Earth-616)/Appearances,Nono (Earth-616)/Appearances,Paul de Kraft (Earth-616)/Appearances,N'jaga (Earth-616)/Appearances,Lions/Appearances,Elephants/Appearances,Monkeys/Appearances,Leopards/Appearances,Bogat (Earth-616)/Appearances,Terry Vance (Earth-616)/Appearances,Doctor Watson (Earth-616)/Appearances,Raymond Dawson (Earth-616)/Appearances,Electro (Robot) (Earth-616)/Appearances,Philo Zogolowski (Earth-616)/Appearances,Horace Ford (Earth-616)/Appearances,Robots/Appearances,Antons/Appearances,Torsa/Appearances,Aarkus (Earth-616)/Appearances,Tim Skelly (Earth-616)/Appearances,Heinie Mayers (Earth-616)/Appearances,Tom Douglas (Earth-616)/Appearances,Smokeworlders/Appearances,Thomas Halloway (Earth-616)/Appearances,Cat's Paw (Earth-616)/Appearances,Doctor Lin (Earth-616)/Appearances,Carl Burgos/Writer,Carl Burgos/Penciler,Carl Burgos/Inker,Joe Simon/Editor,William Blake Everett/Writer,William Blake Everett/Penciler,William Blake Everett/Inker,William Blake Everett/Letterer,Ray Gill/Writer,Ben Thompson/Penciler,Typeset/Letterer,Ben Thompson/Writer,Ben Thompson/Inker,Bob Oksner/Penciler,Bob Oksner/Inker,Steve Dahlman/Writer,Steve Dahlman/Penciler,Steve Dahlman/Inker,Joe Simon/Writer,Jack Kirby/Writer,Jack Kirby/Penciler,Joe Simon/Inker,Jack Kirby/Inker,Paul Gustavson/Writer,Paul Gustavson/Penciler,Paul Gustavson/Inker,			Languages			 ,Русский,Türkçe,