	Comics,Official Handbook of the Marvel Universe A to Z Vol 1,Tom Grummett/Cover Artist,Comic Release Date Needed,2008,2008, May,Joe Quesada/Editor-in-Chief,Lucian (Deviant) (Earth-616)/Handbook Appearances,Eric Brooks (Earth-616)/Handbook Appearances,Blaquesmith (Earth-4935)/Handbook Appearances,Blastaar (Earth-616)/Handbook Appearances,Mark Todd (Earth-616)/Handbook Appearances,Blindspot (Mutant) (Earth-616)/Handbook Appearances,Clarice Ferguson (Earth-295)/Handbook Appearances,Donald Gill (Earth-616)/Handbook Appearances,Frederick Dukes (Earth-616)/Handbook Appearances,Gh'Ree and R'Hos Blood (Earth-616)/Handbook Appearances,Bloodscream (Earth-616)/Handbook Appearances,Elsa Bloodstone (Earth-616)/Handbook Appearances,Ulysses Bloodstone (Earth-616)/Handbook Appearances,Sean Dolan (Earth-616)/Handbook Appearances,Elton Morrow (Earth-616)/Handbook Appearances,Sally Avril (Earth-616)/Handbook Appearances,Bogatyri (Earth-616)/Handbook Appearances,Mikula Golubev (Earth-616)/Handbook Mentions,Sasha Pokryshkin (Earth-616)/Handbook Mentions,Vladimir Orekhov (Earth-616)/Handbook Mentions,Marya Meshkov (Earth-616)/Handbook Mentions,Douglas Carmody (Earth-616)/Handbook Appearances,Bella Donna Boudreaux (Earth-616)/Handbook Appearances,James Braddock Jr. (Earth-616)/Handbook Appearances,Elizabeth Brant (Earth-616)/Handbook Appearances,Brethren/Handbook Appearances,Sybyl Dorn (Earth-616)/Handbook Mentions,Ector (Brethren) (Earth-616)/Handbook Mentions,Fool (Earth-616)/Handbook Mentions,Olar (Earth-616)/Handbook Mentions,Brood (Race)/Handbook Appearances,No-Name (Earth-616)/Handbook Mentions,Haeg'Rill (Earth-616)/Handbook Mentions,Kam'N'Ehar (Earth-616)/Handbook Mentions,Skur'kll (Earth-616)/Handbook Mentions,T'Crilēē (Earth-616)/Handbook Mentions,Empress Brood (Earth-616)/Handbook Mentions,Firstborn (Earth-616)/Handbook Mentions,Blindside (Brood) (Earth-616)/Handbook Mentions,Brickbat (Earth-616)/Handbook Mentions,Hannah Conover (Earth-616)/Handbook Mentions,Devros (Earth-616)/Handbook Mentions,Dive-Bomber (Earth-616)/Handbook Mentions,Dzílòs (Earth-616)/Handbook Mentions,Fang (Imperial Guard) (Earth-616)/Handbook Mentions,Tyrus Krill (Earth-616)/Handbook Mentions,Lockup (Earth-616)/Handbook Mentions,Harry Palmer (Earth-616)/Handbook Mentions,Robert Delgado (Earth-616)/Handbook Mentions,Temptress (Brood Mutants) (Earth-616)/Handbook Mentions,Tension (Earth-616)/Handbook Mentions,Josey Thomas (Earth-616)/Handbook Mentions,Whiphand (Earth-616)/Handbook Mentions,Charles Xavier (Earth-616)/Handbook Mentions,Jericho Drumm (Earth-616)/Handbook Appearances,Brotherhood (Earth-616)/Handbook Appearances,Michael Asher (Earth-616)/Minor Appearances,Bryson Bale (Earth-616)/Minor Appearances,Tom Morgan (Earth-616)/Minor Appearances,Chela (Earth-616)/Minor Appearances,Fiona Dunn (Earth-616)/Minor Appearances,Fagin (Earth-616)/Minor Appearances,Marabeth (Earth-616)/Minor Appearances,Marshal (Earth-616)/Minor Appearances,Ms. Fingers (Earth-616)/Minor Appearances,Orwell (Earth-616)/Minor Appearances,Oswald (Brotherhood) (Earth-616)/Minor Appearances,Malon Estella Reeves (Earth-616)/Minor Appearances,Jane Smythe (Earth-616)/Minor Appearances,Trois (Earth-616)/Minor Appearances,Clive Vickers (Earth-616)/Minor Appearances,Marvin Hoffman (Earth-616)/Minor Appearances,Brotherhood of Evil Mutants (Earth-616)/Handbook Appearances,Angel Salvadore (Earth-616)/Handbook Mentions,Astra (Mutant) (Earth-616)/Handbook Mentions,Dominikos Petrakis (Earth-616)/Handbook Mentions,Mike Columbus (Earth-616)/Handbook Mentions,Barnell Bohusk (Earth-616)/Handbook Mentions,Henry McCoy (Earth-616)/Handbook Mentions,Thomas Cassidy (Earth-616)/Handbook Mentions,Frederick Dukes (Earth-616)/Handbook Mentions,Byron Calley (Earth-616)/Handbook Mentions,Henry McCoy (Earth-295)/Handbook Mentions,Irene Adler (Earth-616)/Handbook Mentions,Ernst (Earth-616)/Handbook Mentions,Ever (Earth-616)/Handbook Mentions,Bennet du Paris (Earth-616)/Handbook Mentions,Fatale (Earth-616)/Handbook Mentions,Alexander Summers (Earth-616)/Handbook Mentions,Martha Johansson (Earth-616)/Handbook Mentions,Cain Marko (Earth-616)/Handbook Mentions,Ned Lathrop (Earth-616)/Handbook Mentions,Lani Ubanu (Earth-616)/Handbook Mentions,Max Eisenhardt (Earth-616)/Handbook Mentions,Maximus Jensen (Earth-616)/Handbook Mentions,Jason Wyngarde (Earth-616)/Handbook Mentions,Martinique Wyngarde (Earth-616)/Handbook Mentions,Calvin Rankin (Earth-616)/Handbook Mentions,Raven Darkhölme (Earth-616)/Handbook Mentions,Talia Wagner (Earth-2182)/Handbook Mentions,Peter Quinn (Earth-616)/Handbook Mentions,Eileen Harsaw (Earth-616)/Handbook Mentions,Kevin Tremain (Earth-616)/Handbook Mentions,St. John Allerdyce (Earth-616)/Handbook Mentions,Pietro Maximoff (Earth-616)/Handbook Mentions,Marshall Stone III (Earth-616)/Handbook Mentions,Rogue (Anna Marie) (Earth-616)/Handbook Mentions,Victor Creed (Earth-616)/Handbook Mentions,Karl Lykos (Earth-616)/Handbook Mentions,Wanda Maximoff (Earth-616)/Handbook Mentions,Randall Darby (Earth-616)/Handbook Mentions,Aaron Salomon (Earth-616)/Handbook Mentions,Mortimer Toynbee (Earth-616)/Handbook Mentions,Gunther Bain (Earth-616)/Handbook Mentions,Nathaniel Grey (Earth-295)/Handbook Mentions,Kuan-Yin Xorn (Earth-616)/Handbook Mentions,Max Eisenhardt (Earth-616)/Minor Appearances,Astra (Mutant) (Earth-616)/Minor Appearances,Mortimer Toynbee (Earth-616)/Minor Appearances,Jason Wyngarde (Earth-616)/Minor Appearances,Pietro Maximoff (Earth-616)/Minor Appearances,Frederick Dukes (Earth-616)/Minor Appearances,Gunther Bain (Earth-616)/Minor Appearances,Henry McCoy (Earth-616)/Minor Appearances,Lani Ubanu (Earth-616)/Minor Appearances,Byron Calley (Earth-616)/Minor Appearances,Aaron Salomon (Earth-616)/Minor Appearances,Ned Lathrop (Earth-616)/Minor Appearances,Randall Darby (Earth-616)/Minor Appearances,Peter Quinn (Earth-616)/Minor Appearances,Raven Darkhölme (Earth-616)/Minor Appearances,Irene Adler (Earth-616)/Minor Appearances,St. John Allerdyce (Earth-616)/Minor Appearances,Dominikos Petrakis (Earth-616)/Minor Appearances,Rogue (Anna Marie) (Earth-616)/Minor Appearances,Karl Lykos (Earth-616)/Minor Appearances,Eileen Harsaw (Earth-616)/Minor Appearances,Henry McCoy (Earth-295)/Minor Appearances,Fatale (Earth-616)/Minor Appearances,Marshall Stone III (Earth-616)/Minor Appearances,Alexander Summers (Earth-616)/Minor Appearances,Ever (Earth-616)/Minor Appearances,Nathaniel Grey (Earth-295)/Minor Appearances,Charles Xavier (Earth-616)/Minor Appearances,Kevin Tremain (Earth-616)/Minor Appearances,Talia Wagner (Earth-2182)/Minor Appearances,Kuan-Yin Xorn (Earth-616)/Minor Appearances,Esme Cuckoo (Earth-616)/Minor Appearances,Mike Columbus (Earth-616)/Minor Appearances,Ernst (Earth-616)/Minor Appearances,Barnell Bohusk (Earth-616)/Minor Appearances,Angel Salvadore (Earth-616)/Minor Appearances,Martha Johansson (Earth-616)/Minor Appearances,Bennet du Paris (Earth-616)/Minor Appearances,Thomas Cassidy (Earth-616)/Minor Appearances,Cain Marko (Earth-616)/Minor Appearances,Maximus Jensen (Earth-616)/Minor Appearances,Nathan Dolly (Earth-616)/Handbook Appearances,Percy & Barton Grimes (Earth-616)/Handbook Appearances,Reed Richards (Counter-Earth) (Earth-616)/Handbook Appearances,Brynocki (Earth-616)/Handbook Appearances,B-Sides (Earth-616)/Handbook Appearances,Laura Broadbahr (Earth-616)/Handbook Mentions,Jesse Metuchen (Earth-616)/Handbook Mentions,Stuart Welles (Earth-616)/Handbook Mentions,Bug (Insectivorid) (Earth-616)/Handbook Appearances,Bullseye (Lester) (Earth-616)/Handbook Appearances,Burglar (Earth-616)/Handbook Appearances,John McIver (Earth-616)/Handbook Appearances,Carl Burbank (Earth-616)/Handbook Appearances,Jack Jameson (Earth-982)/Handbook Appearances,S'Bak (Earth-616)/Handbook Appearances,Beasts of Berlin (Earth-616)/Handbook Appearances,Black Brother (Joshua) (Earth-616)/Handbook Appearances,Blank (Clyde) (Earth-616)/Handbook Appearances,Alexander Bont (Earth-616)/Handbook Appearances,Bounty (Humanoid) (Earth-616)/Handbook Appearances,Otto von Schmittsder (Earth-616)/Handbook Appearances,Moira Brandon (Earth-616)/Handbook Appearances,Arthur Bigelow (Earth-616)/Handbook Appearances,Edward Forsyth (Earth-616)/Handbook Appearances,Brotherhood of the Scriers (Earth-616)/Handbook Appearances,Scrier (Cosmic Being) (Earth-616)/Handbook Mentions,Martin Zantz (Earth-616)/Handbook Mentions,Norman Osborn (Earth-616)/Handbook Mentions,Mendel Stromm (Earth-616)/Handbook Mentions,Donald Menken (Earth-616)/Handbook Mentions,Matthew DeRoma (Earth-616)/Handbook Mentions,Paul Dunne (Earth-616)/Handbook Mentions,Charles Bates (Earth-616)/Handbook Mentions,Samuel Fox (Earth-616)/Handbook Mentions,Nathan Summers (Earth-616)/Handbook Appearances,Earth-4935/Handbook Appearances,Cody Fleischer (Earth-616)/Handbook Appearances,Luke Cage (Earth-616)/Handbook Appearances,Cagliostro (O-Bengh) (Earth-616)/Handbook Appearances,Caiera (Earth-616)/Handbook Appearances,Caliban (Earth-616)/Handbook Appearances,Callisto (Earth-616)/Handbook Appearances,Calypso Ezili (Earth-616)/Handbook Appearances,Camille Benally (Earth-616)/Handbook Appearances,Samuel Guthrie (Earth-616)/Handbook Appearances,Steven Rogers (Earth-616)/Handbook Appearances,James Buchanan Barnes (Earth-616)/Handbook Appearances,Brian Braddock (Earth-616)/Handbook Appearances,Mar-Vell (Earth-616)/Handbook Appearances,Nathaniel Omen (Earth-616)/Handbook Appearances,Linda McQuillan (Earth-238)/Handbook Appearances,Griffin Gogol (Earth-616)/Handbook Appearances,Captain Universe (Earth-616)/Handbook Appearances,Gilbert Wiles (Earth-616)/Minor Appearances,Raymond Coffin (Earth-616)/Minor Appearances,Steven Coffin (Earth-616)/Minor Appearances,Ann Dodgson (Earth-616)/Minor Appearances,Clare Dodgson (Earth-616)/Minor Appearances,Montgomery Walsh (Earth-616)/Minor Appearances,Arcturus Rann (Earth-616)/Minor Appearances,Stephen Strange (Earth-616)/Minor Appearances,Bruce Banner (Earth-616)/Minor Appearances,Delayne Masters (Earth-616)/Minor Appearances,Evan Swann (Earth-616)/Minor Appearances,Peter Parker (Earth-616)/Minor Appearances,Edward Price (Earth-616)/Minor Appearances,Casey (Earth-616)/Minor Appearances,L'Matto (Earth-616)/Minor Appearances,Elijah Jackson (Earth-616)/Minor Appearances,Roland Taylor (Earth-616)/Minor Appearances,Ted Simmons (Earth-616)/Minor Appearances,Matthew Murdock (Earth-616)/Minor Appearances,Laura Kinney (Earth-616)/Minor Appearances,Susan Storm (Earth-616)/Minor Appearances,Kallark (Earth-616)/Minor Appearances,Krosakis (Earth-616)/Minor Appearances,Norrin Radd (Earth-616)/Minor Appearances,Gabriel Vargas (Earth-616)/Minor Appearances,Captain Universe (Phalanx) (Earth-616)/Minor Appearances,Elias Wirtham (Earth-616)/Handbook Appearances,Caretakers of Arcturus (Earth-616)/Handbook Appearances,Kammar (Earth-616)/Handbook Mentions,Ular (Earth-616)/Handbook Mentions,Zoltar (Earth-616)/Handbook Mentions,Cletus Kasady (Earth-616)/Handbook Appearances,Miles Warren (Carrion) (Earth-616)/Handbook Appearances,Malcolm McBride (Earth-616)/Handbook Appearances,William Allen (Earth-616)/Handbook Appearances,Sharon Banks (Earth-616)/Handbook Appearances,Thomas Cassidy (Earth-616)/Handbook Appearances,Celestials/Handbook Appearances,Arishem (Earth-616)/Handbook Mentions,Ashema (Earth-616)/Handbook Mentions,Devron (Earth-616)/Handbook Mentions,Eson (Earth-616)/Handbook Mentions,Exitar (Earth-616)/Handbook Mentions,Gamiel (Earth-616)/Handbook Mentions,Gammenon (Earth-616)/Handbook Mentions,Hargen (Earth-616)/Handbook Mentions,Jemiah (Earth-616)/Handbook Mentions,Nezarr (Earth-616)/Handbook Mentions,One Above All (Earth-616)/Handbook Mentions,Oneg (Earth-616)/Handbook Mentions,Tefral (Earth-616)/Handbook Mentions,Tiamut (Earth-616)/Handbook Mentions,Ziran (Earth-616)/Handbook Mentions,Centurions (Earth-616)/Handbook Appearances,Hybalea (Earth-616)/Handbook Mentions,Espia (Earth-616)/Handbook Mentions,Smyt (Earth-616)/Handbook Mentions,Centurious (Earth-616)/Handbook Appearances,Noah Black (Earth-616)/Handbook Appearances,Century (Alien) (Earth-616)/Handbook Appearances,Cerebra (Mutant Detector)/Handbook Appearances,Cerebro (Founder) (Earth-616)/Handbook Appearances,Cerise (Earth-616)/Handbook Appearances,William Waring (Earth-616)/Handbook Appearances,Dmitri Smerdyakov (Earth-616)/Handbook Appearances,Tryco Slatterus (Earth-616)/Handbook Appearances,Champions of Los Angeles (Earth-616)/Handbook Appearances,Warren Worthington III (Earth-616)/Minor Appearances,Natalia Romanova (Earth-616)/Minor Appearances,Laynia Petrovna (Earth-616)/Minor Appearances,Johnathon Blaze (Earth-616)/Minor Appearances,Hercules Panhellenios (Earth-616)/Minor Appearances,Robert Drake (Earth-616)/Minor Appearances,William Foster (Earth-616)/Minor Appearances,Emerson Bale (Earth-616)/Minor Appearances,Richard Fenster (Earth-616)/Minor Appearances,Ivan Petrovich Bezukhov (Earth-616)/Minor Appearances,Champions of Xandar (Earth-616)/Handbook Appearances,Harris Moore (Earth-616)/Handbook Mentions,Frank Moore (Earth-616)/Handbook Mentions,Archibald Dyker (Earth-616)/Handbook Mentions,Richard Rider (Earth-616)/Handbook Mentions,Tanak Valt (Earth-616)/Handbook Mentions,Rieg Davan (Earth-616)/Handbook Mentions,Thoran Rul (Earth-616)/Handbook Mentions,Kevin Sidney (Earth-616)/Handbook Appearances,Calvin Carr (Earth-616)/Handbook Appearances,Lila Cheney (Earth-616)/Handbook Appearances,China Force (Earth-616)/Handbook Appearances,Ox (China Force) (Earth-616)/Handbook Mentions,Rat (China Force) (Earth-616)/Handbook Mentions,Snake (China Force) (Earth-616)/Handbook Mentions,Dog (China Force) (Earth-616)/Handbook Mentions,Horse (China Force) (Earth-616)/Handbook Mentions,Monkey (China Force) (Earth-616)/Handbook Mentions,Rabbit (China Force) (Earth-616)/Handbook Mentions,Amadeus Cho (Earth-616)/Handbook Appearances,Harvey Schlemerman (Earth-616)/Handbook Appearances,Jennifer Swensen (Earth-148611)/Handbook Appearances,Earth-9910/Handbook Appearances,Chthon (Earth-616)/Handbook Appearances,Circus of Crime (Earth-616)/Handbook Appearances,Ernesto & Luigi Gambonno (Earth-616)/Minor Appearances,Jack Pulver (Earth-616)/Minor Appearances,Zelda DuBois (Earth-616)/Minor Appearances,Butch (Circus of Crime) (Earth-616)/Minor Appearances,Derko (Earth-616)/Minor Appearances,Missing Link (Circus of Crime) (Earth-616)/Minor Appearances,Omir (Earth-616)/Minor Appearances,Rawal (Earth-616)/Minor Appearances,Fritz Tiboldt (Earth-616)/Minor Appearances,Spike (Circus of Crime) (Earth-616)/Minor Appearances,Tommy Thumb (Earth-616)/Minor Appearances,Trapeze Trio (Earth-616)/Minor Appearances,Zandow (Earth-616)/Minor Appearances,Antoro (Earth-616)/Minor Appearances,Jack Baker (Earth-616)/Minor Appearances,William Foster (Earth-616)/Handbook Mentions,Joseph Manfredi (Earth-616)/Minor Appearances,Blossom (Earth-616)/Minor Appearances,Bruce Olafsen (Earth-616)/Minor Appearances,Circus Crew (Earth-616)/Minor Appearances,Eliot Franklin (Clown) (Earth-616)/Minor Appearances,Tomás Ramírez (Earth-616)/Minor Appearances,Jo-Jo the Dog-Faced Boy (Earth-616)/Handbook Mentions,Rance Preston (Earth-616)/Minor Appearances,Madame Leah (Earth-616)/Handbook Mentions,Magician (Circus of Crime) (Earth-616)/Handbook Mentions,Major Minor (Earth-616)/Minor Appearances,Mike the Strong Man (Earth-616)/Minor Appearances,Moon-Boy (Earth-78411)/Handbook Mentions,Professor (Circus of Crime) (Earth-616)/Minor Appearances,Kabir Mahadevu (Earth-616)/Minor Appearances,Rex the Dog-Faced Boy (Earth-616)/Minor Appearances,Maynard Tiboldt (Earth-616)/Minor Appearances,Stilts (Earth-616)/Minor Appearances,Tarrax the Tamer (Earth-616)/Minor Appearances,Mary Stenson (Earth-616)/Minor Appearances,John Watkins (Earth-616)/Handbook Appearances,John Watkins III (Earth-616)/Handbook Appearances,Clan Destine (Earth-616)/Handbook Appearances,Adam Destine (Earth-616)/Minor Appearances,Albert Destine (Earth-616)/Minor Appearances,Dominic Destine (Earth-616)/Minor Appearances,Gracie Gamble (Earth-616)/Minor Appearances,Jasmine Destine (Earth-616)/Minor Appearances,Nathaniel Destine (Earth-616)/Handbook Mentions,Newton Destine (Earth-616)/Minor Appearances,Pandora Destine (Earth-616)/Minor Appearances,Rory Destine (Earth-616)/Minor Appearances,Samantha Destine (Earth-616)/Minor Appearances,Walter Destine (Earth-616)/Minor Appearances,William Destine (Earth-616)/Minor Appearances,Elalyth (Earth-616)/Minor Appearances,Florence Destine (Earth-616)/Minor Appearances,Garth Destine (Earth-616)/Handbook Mentions,Lance Destine (Earth-616)/Handbook Mentions,Maurice Fortuit (Earth-616)/Minor Appearances,Sherlock Destine (Earth-616)/Handbook Mentions,Thaddeus Destine (Earth-616)/Minor Appearances,Vincent Destine (Earth-616)/Minor Appearances,Stuart Clarke (Earth-616)/Handbook Appearances,Clea (Earth-616)/Handbook Appearances,Tyrone Johnson (Earth-616)/Handbook Appearances,Ralph Roberts (Earth-616)/Handbook Appearances,Code: Blue (Earth-616)/Handbook Appearances,Shelley Conklin (Earth-616)/Minor Appearances,Daniel Fielstein (Earth-616)/Minor Appearances,Samuel Majowski (Earth-616)/Minor Appearances,Chief O'Grady (Earth-616)/Minor Appearances,Julius Rassitano (Earth-616)/Minor Appearances,Margarita Ruiz (Earth-616)/Minor Appearances,Marcus Stone (Earth-616)/Minor Appearances,Warren Curzon (Earth-616)/Minor Appearances,Andrew Jackson (Jock) (Earth-616)/Minor Appearances,Cognoscenti (Earth-616)/Handbook Appearances,Sidrat-Al-Muntah (Earth-616)/Handbook Mentions,Joshua Pryce (Earth-616)/Handbook Mentions,Rose Steadbaur (Earth-616)/Handbook Mentions,Kevin Cole (Earth-616)/Handbook Appearances,Michael Pointer (Earth-616)/Handbook Appearances,Han, Chang, Lin, Sun, and Ho Tao-Yu (Earth-616)/Handbook Appearances,Taneleer Tivan (Earth-616)/Handbook Appearances,Piotr Rasputin (Earth-616)/Handbook Appearances,Committee (Earth-616)/Handbook Appearances,Profile (Earth-616)/Handbook Mentions,Raul Bushman (Earth-616)/Handbook Mentions,Anthony Masters (Earth-616)/Handbook Mentions,Baron Thunder (Earth-616)/Handbook Mentions,Behemoth (Kay-Twelve) (Earth-616)/Handbook Mentions,Mosiah Carruthers (Earth-616)/Handbook Mentions,Charles Delazny Jr. (Earth-616)/Handbook Mentions,Jean-Paul Duchamp (Earth-616)/Handbook Mentions,Ma Mayhem (Earth-616)/Handbook Mentions,Professor Makko (Earth-616)/Handbook Mentions,Marc Spector (Earth-616)/Handbook Mentions,Sidney Sarnak (Earth-616)/Handbook Mentions,Sullivan Smith (Earth-616)/Handbook Mentions,Arnold Paffenroth (Earth-616)/Handbook Mentions,Larry Tong (Earth-616)/Handbook Mentions,Army of Fear (Earth-616)/Handbook Mentions,Bruno Gordon (Earth-616)/Handbook Mentions,Maxwell Grant (Earth-616)/Handbook Mentions,John Sammartinez (Earth-616)/Handbook Mentions,Conspiracy (Earth-616)/Handbook Appearances,Atlan (Earth-616)/Handbook Mentions,Juden Bardham (Earth-616)/Handbook Mentions,Noah Black (Earth-616)/Handbook Mentions,Kaballa (Earth-616)/Handbook Mentions,Bubbles O'Day (Earth-616)/Handbook Mentions,Ulluxy'l Kwan Tae Syn (Earth-616)/Handbook Mentions,Frank Payne (Earth-616)/Handbook Appearances,Tath Ki (Earth-616)/Handbook Appearances,Contest of Champions,Contingency (Earth-616)/Handbook Appearances,Rapture (Contingency) (Earth-616)/Minor Appearances,Condor (Contingency) (Earth-616)/Minor Appearances,Killdeer (Earth-616)/Minor Appearances,Kite (Contingency) (Earth-616)/Minor Appearances,Shrike (Earth-616)/Minor Appearances,Basil Sandhurst (Earth-616)/Handbook Appearances,Conundrum (Earth-616)/Handbook Appearances,Valerie Cooper (Earth-616)/Handbook Appearances,Lawrence Chesney (Earth-616)/Handbook Appearances,Vanessa Carlysle (Earth-616)/Handbook Appearances,Corporation (Earth-616)/Handbook Appearances,Filippo Ayala (Earth-616)/Minor Appearances,Don Thomas (Earth-616)/Minor Appearances,Mr. Carnation (Earth-616)/Minor Appearances,James Lucas, Jr. (Earth-616)/Handbook Mentions,Frank Payne (Earth-616)/Minor Appearances,Contract (Earth-616)/Handbook Mentions,Lyle Dekker (Earth-616)/Minor Appearances,Johann Fennhoff (Earth-616)/Minor Appearances,Jonathan Hemlock (Earth-616)/Minor Appearances,Curtiss Jackson (Earth-616)/Minor Appearances,Brian Hibbs (Earth-616)/Handbook Mentions,Richard Yurocko (Earth-616)/Handbook Mentions,Konik (Earth-616)/Minor Appearances,Samuel Saxon (Earth-616)/Minor Appearances,Karlin Malus (Earth-616)/Handbook Mentions,Manslaughter (Earth-616)/Handbook Mentions,Simon Maris (Earth-616)/Minor Appearances,Mister Miracle (Earth-616)/Handbook Mentions,Karla Sofen (Earth-616)/Minor Appearances,Night Flyer (Earth-616)/Minor Appearances,Rocketeers (Earth-616)/Handbook Mentions,Eugene Stivak (Earth-616)/Minor Appearances,Stryke (Corporation) (Earth-616)/Minor Appearances,Troubleshooter (Earth-616)/Handbook Mentions,Denise Baranger (Earth-616)/Minor Appearances,Veda (Corporation) (Earth-616)/Minor Appearances,Veil (Corporation) (Earth-616)/Minor Appearances,Captain Britain Corps (Multiverse)/Handbook Appearances,Jackson Day (Earth-616)/Handbook Appearances,Fabian Cortez (Earth-616)/Handbook Appearances,Cosmic Cube/Handbook Appearances,Cotati/Handbook Appearances,Supreme Exemplar (Earth-616)/Minor Appearances,Sequoia (Earth-616)/Minor Appearances,Council of Godheads (Earth-616)/Handbook Appearances,Ahura Mazda (Earth-616)/Handbook Mentions,Atum (Earth-616)/Minor Appearances,Anu (Earth-616)/Minor Appearances,Atar (Earth-616)/Minor Appearances,Hadad (Earth-616)/Handbook Mentions,Baiame (Earth-616)/Handbook Mentions,Balder Odinson (Earth-616)/Handbook Mentions,Brahma (Earth-616)/Handbook Mentions,Buddha (Earth-616)/Minor Appearances,Buluku (Earth-616)/Minor Appearances,Cronus (Earth-616)/Handbook Mentions,Crom (Earth-616)/Handbook Mentions,Eochaid Ollathair (Earth-616)/Handbook Mentions,Dagon (Annunaki) (Earth-616)/Handbook Mentions,Hodiak (Earth-616)/Handbook Mentions,Horus (Deity) (Earth-616)/Minor Appearances,Hunab Ku (Earth-616)/Minor Appearances,Itzamna Kauil (Earth-616)/Minor Appearances,Izanagi-No-Mikoto (Earth-616)/Minor Appearances,Gitche Manitou (Earth-616)/Minor Appearances,Marduk (Earth-616)/Handbook Mentions,Mithra (Earth-616)/Handbook Mentions,Nuada (Earth-616)/Minor Appearances,Odin Borson (Earth-616)/Minor Appearances,Osiris (Earth-616)/Minor Appearances,Ouranos (Earth-616)/Handbook Mentions,Quetzalcoatl (Earth-616)/Handbook Mentions,Seth (Earth-616)/Handbook Mentions,Zhao Yen (Earth-616)/Minor Appearances,Svarog (Earth-616)/Minor Appearances,Kāne (Earth-616)/Minor Appearances,Tezcatlipoca (Earth-616)/Minor Appearances,Ukko (Earth-616)/Minor Appearances,Ulgen (Earth-616)/Minor Appearances,Valka (Earth-616)/Handbook Mentions,Con Ticci Viracocha (Earth-616)/Minor Appearances,Vishnu (Hindu Deity) (Earth-616)/Minor Appearances,Yahweh (Earth-616)/Handbook Mentions,Yu Huang (Earth-616)/Minor Appearances,Zeus Panhellenios (Earth-616)/Minor Appearances,Milos Abyss (Earth-616)/Handbook Appearances,Luchino Nefaria (Earth-616)/Handbook Appearances,Counter-Earth (High Evolutionary)/Handbook Appearances,Counter-Earth (Heroes Reborn)/Handbook Appearances,Crazy Eight (Earth-616)/Handbook Appearances,Aundray Phelps (Earth-616)/Handbook Mentions,Alex Flores (Earth-616)/Handbook Mentions,LaHoya Scripps (Earth-616)/Handbook Mentions,Jamie Flores (Earth-616)/Handbook Mentions,Gloria Angel (Earth-616)/Handbook Mentions,Ginger Beach (Earth-616)/Handbook Mentions,Esteban Beach (Earth-616)/Handbook Mentions,Argus LaVecchio (Earth-616)/Handbook Mentions,Creators (Earth-616)/Handbook Appearances,Cygni (Earth-616)/Handbook Mentions,Sirius (Earth-616)/Handbook Mentions,Stygyro (Earth-616)/Handbook Mentions,Graydon Creed (Earth-616)/Handbook Appearances,Nicholas Lewis, Sr. (Earth-616)/Handbook Appearances,Frank Bohannan (Earth-616)/Handbook Appearances,Justine Hammer (Earth-616)/Handbook Appearances,Anton Vanko (Crimson Dynamo) (Earth-616)/Handbook Appearances,Boris Turgenov (Earth-616)/Handbook Appearances,Alexander Nevsky (Earth-616)/Handbook Appearances,Yuri Petrovitch (Earth-616)/Handbook Appearances,Dimitri Bukharin (Earth-616)/Handbook Appearances,Valentin Shatalov (Earth-616)/Handbook Appearances,Gennady Gavrilov (Earth-616)/Handbook Appearances,Earth-5/Handbook Appearances,Earth-9/Handbook Appearances,Earth-12/Handbook Appearances,Earth-15/Handbook Appearances,Earth-27/Handbook Appearances,Earth-33/Handbook Appearances,Earth-36/Handbook Appearances,Earth-65/Handbook Appearances,Earth-98/Handbook Appearances,Earth-110/Handbook Appearances,Earth-111/Handbook Appearances,Earth-127/Handbook Appearances,Earth-148/Handbook Appearances,Earth-172/Handbook Appearances,Earth-181/Handbook Appearances,Earth-238/Handbook Appearances,Earth-253/Handbook Appearances,Earth-267/Handbook Appearances,Earth-295/Handbook Appearances,Earth-305/Handbook Appearances,Earth-311/Handbook Appearances,Earth-312/Handbook Appearances,Earth-313/Handbook Appearances,Earth-355/Handbook Appearances,Earth-371/Handbook Appearances,Earth-374/Handbook Appearances,Earth-398/Handbook Appearances,Earth-412/Handbook Appearances,Earth-460/Handbook Appearances,Earth-520/Handbook Appearances,Earth-522/Handbook Appearances,Earth-523/Handbook Appearances,Earth-541/Handbook Appearances,Earth-552/Handbook Appearances,Earth-555/Handbook Appearances,Earth-597/Handbook Appearances,Earth-616/Handbook Appearances,Earth-617/Handbook Appearances,Earth-653/Handbook Appearances,Earth-665/Handbook Appearances,Earth-689/Handbook Appearances,Earth-691/Handbook Appearances,Earth-700/Handbook Appearances,Earth-712/Handbook Appearances,Earth-714/Handbook Appearances,Earth-715/Handbook Appearances,Earth-717/Handbook Appearances,Earth-721/Handbook Appearances,Earth-723/Handbook Appearances,Earth-725/Handbook Appearances,Earth-741/Handbook Appearances,Earth-744/Handbook Appearances,Earth-772/Handbook Appearances,Earth-774/Handbook Appearances,Earth-776/Handbook Appearances,Earth-788/Handbook Appearances,Earth-794/Handbook Appearances,Earth-797/Handbook Appearances,Earth-804/Handbook Appearances,Earth-808/Handbook Appearances,Earth-811/Handbook Appearances,Earth-821/Handbook Appearances,Earth-829/Handbook Appearances,Earth-839/Handbook Appearances,Earth-846/Handbook Appearances,Earth-873/Handbook Appearances,Earth-886/Handbook Appearances,Earth-892/Handbook Appearances,Earth-900/Handbook Appearances,Earth-902/Handbook Appearances,Earth-904/Handbook Appearances,Earth-905/Handbook Appearances,Earth-906/Handbook Appearances,Earth-907/Handbook Appearances,Earth-908/Handbook Appearances,Earth-909/Handbook Appearances,Earth-912/Handbook Appearances,Earth-913/Handbook Appearances,Earth-917/Handbook Appearances,Earth-920/Handbook Appearances,Earth-921/Handbook Appearances,Earth-924/Handbook Appearances,Earth-928/Handbook Appearances,Earth-929/Handbook Appearances,Earth-932/Handbook Appearances,Earth-934/Handbook Appearances,Earth-938/Handbook Appearances,Earth-939/Handbook Appearances,Earth-943/Handbook Appearances,Earth-944/Handbook Appearances,Earth-947/Handbook Appearances,Earth-952/Handbook Appearances,Earth-956/Handbook Appearances,Earth-957/Handbook Appearances,Earth-958/Handbook Appearances,Earth-967/Handbook Appearances,Earth-969/Handbook Appearances,Earth-973/Handbook Appearances,Earth-979/Handbook Appearances,Earth-982/Handbook Appearances,Earth-983/Handbook Appearances,Earth-985/Handbook Appearances,Earth-987/Handbook Appearances,Earth-989/Handbook Appearances,Earth-998/Handbook Appearances,Earth-999/Handbook Appearances,Earth-1000/Handbook Appearances,Earth-1002/Handbook Appearances,Earth-1003/Handbook Appearances,Earth-1004/Handbook Appearances,Earth-1005/Handbook Appearances,Earth-1006/Handbook Appearances,Earth-1007/Handbook Appearances,Earth-1008/Handbook Appearances,Earth-1009/Handbook Appearances,Earth-1010/Handbook Appearances,Earth-1011/Handbook Appearances,Earth-1012/Handbook Appearances,Earth-1013/Handbook Appearances,Earth-1014/Handbook Appearances,Earth-1015/Handbook Appearances,Earth-1016/Handbook Appearances,Earth-1017/Handbook Appearances,Earth-1018/Handbook Appearances,Earth-1019/Handbook Appearances,Earth-1020/Handbook Appearances,Earth-1021/Handbook Appearances,Earth-1022/Handbook Appearances,Earth-1023/Handbook Appearances,Earth-1024/Handbook Appearances,Earth-1025/Handbook Appearances,Earth-1026/Handbook Appearances,Earth-1027/Handbook Appearances,Earth-1028/Handbook Appearances,Earth-1029/Handbook Appearances,Earth-1030/Handbook Appearances,Earth-1031/Handbook Appearances,Earth-1032/Handbook Appearances,Earth-1033/Handbook Appearances,Earth-1034/Handbook Appearances,Earth-1035/Handbook Appearances,Earth-1036/Handbook Appearances,Earth-1037/Handbook Appearances,Earth-1038/Handbook Appearances,Earth-1039/Handbook Appearances,Earth-1040/Handbook Appearances,Earth-1041/Handbook Appearances,Earth-1042/Handbook Appearances,Earth-1043/Handbook Appearances,Earth-1044/Handbook Appearances,Earth-1045/Handbook Appearances,Earth-1078/Handbook Appearances,Earth-1081/Handbook Appearances,Earth-1089/Handbook Appearances,Earth-1090/Handbook Appearances,Earth-1100/Handbook Appearances,Earth-1112/Handbook Appearances,Earth-1115/Handbook Appearances,Earth-1116/Handbook Appearances,Earth-1120/Handbook Appearances,Earth-1121/Handbook Appearances,Earth-1122/Handbook Appearances,Earth-1123/Handbook Appearances,Earth-1124/Handbook Appearances,Earth-1136/Handbook Appearances,Earth-1145/Handbook Appearances,Earth-1157/Handbook Appearances,Earth-1189/Handbook Appearances,Earth-1191/Handbook Appearances,Earth-1193/Handbook Appearances,Earth-1211/Handbook Appearances,Earth-1218/Handbook Appearances,Earth-1228/Handbook Appearances,Earth-1237/Handbook Appearances,Earth-1241/Handbook Appearances,Earth-1282/Handbook Appearances,Earth-1287/Handbook Appearances,Earth-1289/Handbook Appearances,Earth-1292/Handbook Appearances,Earth-1294/Handbook Appearances,Earth-1298/Handbook Appearances,Earth-1310/Handbook Appearances,Earth-1347/Handbook Appearances,Earth-1462/Handbook Appearances,Earth-1508/Handbook Appearances,Earth-1556/Handbook Appearances,Earth-1610/Handbook Appearances,Earth-1629/Handbook Appearances,Earth-1720/Handbook Appearances,Earth-1745/Handbook Appearances,Earth-1812/Handbook Appearances,Earth-1815/Handbook Appearances,Earth-1880/Handbook Appearances,Earth-1917/Handbook Appearances,Earth-1946/Handbook Appearances,Earth-1952/Handbook Appearances,Earth-1991/Handbook Appearances,Earth-2010/Handbook Appearances,Earth-2020/Handbook Appearances,Earth-2021/Handbook Appearances,Earth-2022/Handbook Appearances,Earth-2023/Handbook Appearances,Earth-2030/Handbook Appearances,Earth-2042/Handbook Appearances,Earth-2055/Handbook Appearances,Earth-2081/Handbook Appearances,Earth-2090/Handbook Appearances,Earth-2098/Handbook Appearances,Earth-2107/Handbook Appearances,Earth-2108/Handbook Appearances,Earth-2109/Handbook Appearances,Earth-2120/Handbook Appearances,Earth-2122/Handbook Appearances,Earth-2149/Handbook Appearances,Earth-2182/Handbook Appearances,Earth-2189/Handbook Appearances,Earth-2192/Handbook Appearances,Earth-2301/Handbook Appearances,Earth-2318/Handbook Appearances,Earth-2419/Handbook Appearances,Earth-2530/Handbook Appearances,Earth-2532/Handbook Appearances,Earth-2600/Handbook Appearances,Earth-2713/Handbook Appearances,Earth-2772/Handbook Appearances,Earth-2775/Handbook Appearances,Earth-2803/Handbook Appearances,Earth-2841/Handbook Appearances,Earth-2920/Handbook Appearances,Earth-2937/Handbook Appearances,Earth-2942/Handbook Appearances,Earth-2988/Handbook Appearances,Earth-2992/Handbook Appearances,Earth-3031/Handbook Appearances,Earth-3062/Handbook Appearances,Earth-3071/Handbook Appearances,Earth-3100/Handbook Appearances,Earth-3112/Handbook Appearances,Earth-3123/Handbook Appearances,Earth-3131/Handbook Appearances,Earth-3459/Handbook Appearances,Earth-3470/Handbook Appearances,Earth-3488/Handbook Appearances,Earth-3492/Handbook Appearances,Earth-3514/Handbook Appearances,Earth-3515/Handbook Appearances,Earth-3752/Handbook Appearances,Earth-3814/Handbook Appearances,Earth-3913/Handbook Appearances,Earth-3919/Handbook Appearances,Earth-3926/Handbook Appearances,Earth-3931/Handbook Appearances,Earth-3933/Handbook Appearances,Earth-3944/Handbook Appearances,Earth-3971/Handbook Appearances,Earth-3982/Handbook Appearances,Earth-4011/Handbook Appearances,Earth-4023/Handbook Appearances,Earth-4032/Handbook Appearances,Earth-4040/Handbook Appearances,Earth-4080/Handbook Appearances,Earth-4096/Handbook Appearances,Earth-4100/Handbook Appearances,Earth-4162/Handbook Appearances,Earth-4210/Handbook Appearances,Earth-4263/Handbook Appearances,Earth-4321/Handbook Appearances,Earth-4392/Handbook Appearances,Earth-4400/Handbook Appearances,Earth-4489/Handbook Appearances,Earth-4542/Handbook Appearances,Earth-4732/Handbook Appearances,Earth-4872/Handbook Appearances,Earth-4972/Handbook Appearances,Earth-5012/Handbook Appearances,Earth-5014/Handbook Appearances,Earth-5019/Handbook Appearances,Earth-5021/Handbook Appearances,Earth-5106/Handbook Appearances,Earth-5113/Handbook Appearances,Earth-5127/Handbook Appearances,Earth-5200/Handbook Appearances,Earth-5211/Handbook Appearances,Earth-5311/Handbook Appearances,Earth-5391/Handbook Appearances,Earth-5421/Handbook Appearances,Earth-5423/Handbook Appearances,Earth-5464/Handbook Appearances,Earth-5555/Handbook Appearances,Earth-5560/Handbook Appearances,Earth-5582/Handbook Appearances,Earth-5631/Handbook Appearances,Earth-5692/Handbook Appearances,Earth-5700/Handbook Appearances,Earth-5701/Handbook Appearances,Earth-5709/Handbook Appearances,Earth-5724/Handbook Appearances,Earth-5764/Handbook Appearances,Earth-5901/Handbook Appearances,Earth-5953/Handbook Appearances,Earth-6023/Handbook Appearances,Earth-6025/Handbook Appearances,Earth-6034/Handbook Appearances,Earth-6077/Handbook Appearances,Earth-6078/Handbook Appearances,Earth-6095/Handbook Appearances,Earth-6120/Handbook Appearances,Earth-6124/Handbook Appearances,Earth-6141/Handbook Appearances,Earth-6175/Handbook Appearances,Earth-6195/Handbook Appearances,Earth-6215/Handbook Appearances,Earth-6216/Handbook Appearances,Earth-6232/Handbook Appearances,Earth-6297/Handbook Appearances,Earth-6311/Handbook Appearances,Earth-6375/Handbook Appearances,Earth-6381/Handbook Appearances,Earth-6451/Handbook Appearances,Earth-6676/Handbook Appearances,Earth-6706/Handbook Appearances,Earth-6716/Handbook Appearances,Earth-6730/Handbook Appearances,Earth-6799/Handbook Appearances,Earth-6871/Handbook Appearances,Earth-6943/Handbook Appearances,Earth-6950/Handbook Appearances,Earth-6966/Handbook Appearances,Earth-7031/Handbook Appearances,Earth-7041/Handbook Appearances,Earth-7044/Handbook Appearances,Earth-7110/Handbook Appearances,Earth-7111/Handbook Appearances,Earth-7112/Handbook Appearances,Earth-7113/Handbook Appearances,Earth-7116/Handbook Appearances,Earth-7121/Handbook Appearances,Earth-7122/Handbook Appearances,Earth-7123/Handbook Appearances,Earth-7124/Handbook Appearances,Earth-7140/Handbook Appearances,Earth-7144/Handbook Appearances,Earth-7161/Handbook Appearances,Earth-7187/Handbook Appearances,Earth-7190/Handbook Appearances,Earth-7192/Handbook Appearances,Earth-7194/Handbook Appearances,Blackworld/Handbook Appearances,Earth-7231/Handbook Appearances,Earth-7316/Handbook Appearances,Earth-7328/Handbook Appearances,Earth-7382/Handbook Appearances,Earth-7409/Handbook Appearances,Earth-7412/Handbook Appearances,Earth-7475/Handbook Appearances,Earth-7614/Handbook Appearances,Al Sjoerdsma/Writer,Anthony Flamini/Writer,Barry Reese/Writer,Bill Lentz/Writer,Chad Anderson/Writer,Chris Biggs/Writer,David Sexton/Writer,David Wiltfong/Writer,Eric J. Moreels/Writer,Jacob Rougemont/Writer,Jeff Christiansen/Writer,Jonathan Couper-Smartt/Writer,Kyle Sims/Writer,Madison Carter/Writer,Mark O'English/Writer,Michael Hoskin/Writer,Mike Fichera/Writer,Rich Green/Writer,Ronald Byrd/Writer,Sean McQuaid/Writer,Stuart Vandal/Writer,Roberto De La Torre/Penciler,Pages using ISBN magic links,			Languages			 ,Русский,Türkçe,