	Comics,Red Raven Comics Vol 1,Jack Kirby/Cover Artist,Joe Simon/Cover Artist,Week 22, 1940,1940,1940, August,Joe Simon/Editor-in-Chief,Red Raven (Earth-616)/Appearances,Bird People/Appearances,Aerivar XVIII (Earth-616)/Appearances,Royal Scientist (Aerie) (Earth-616)/Appearances,Andreya Cazeneuve (Earth-616)/Appearances,Gold Leeches (Earth-616)/Appearances,Zeelmo (Earth-616)/Appearances,Ratoga (Earth-616)/Appearances,Homo sapiens/Appearances,Earth-616/Appearances,Aerie (Sky-Island)/Appearances,United States of America/Appearances,Red Raven's Wings/Appearances,Bruce Bravelle (Earth-616)/Appearances,Martha Davis (Earth-616)/Appearances,Davis Raymore (Earth-616)/Appearances,Horace Vanderveer (Earth-616)/Appearances,Patriotville/Appearances,Makkari (Earth-616)/Appearances,Zuras (Earth-616)/Appearances,Thena (Earth-616)/Appearances,Kro (Earth-616)/Appearances,Sturm Staffel (Earth-616)/Appearances,Heinrich Goertz (Earth-616)/Appearances,Thea Shilhausen (Earth-616)/Appearances,Valkin (Earth-616)/Appearances,Eternals (Homo immortalis)/Appearances,Deviants (Homo descendus)/Appearances,Olympia/Appearances,Prussland/Appearances,Holbrook (Earth-616)/Appearances,Jack Kavanaugh (Earth-616)/Appearances,Henry Van Ornam (Earth-616)/Appearances,Arlington Avenue/Appearances,Comet Pierce (Earth-40800)/Appearances,Laraina (Earth-40800)/Appearances,Avis Jort (Earth-40800)/Appearances,Golat (Earth-40800)/Mentions,Murfi (Earth-40800)/Appearances,Earth-40800/Appearances,Comet Pierce's Rocket/Appearances,O'Krime (Earth-616)/Appearances,Magar (Earth-616)/Appearances,National Socialist German Workers Party (Earth-616)/Appearances,Solomon (Earth-616)/Appearances,Margaretha Geertruida Zelle (Earth-616)/Appearances,Erik Weisz (Earth-616)/Appearances,Napoléon Bonaparte (Earth-616)/Appearances,Arthur Wellesley (Earth-616)/Appearances,Thomas Edison (Earth-616)/Appearances,Earth/Appearances,Africa/Appearances,Egypt/Appearances,Asia/Appearances,Europe/Appearances,Germany/Appearances,France/Appearances,Austria/Mentions,Valhalla (Afterlife)/Mentions,William Carmody (Earth-616)/Appearances,Jim Fitzpatrick (Earth-616)/Appearances,Ulan Bator (Earth-616)/Appearances,Peg-Leg Martin (Earth-616)/Appearances,Mary Carmody (Earth-616)/Appearances,Cyborgs/Appearances,Joe Simon/Writer,Louis Cazeneuve/Penciler,Louis Cazeneuve/Inker,Dick Briefer/Writer,Dick Briefer/Penciler,Dick Briefer/Inker,Martin A. Burnstein/Writer,Jack Kirby/Penciler,Jack Kirby/Inker,Jack Kirby/Letterer,Herbert J. Martin/Writer,Typeset/Letterer,Robert Golden/Penciler,Robert Golden/Inker,Aerivar XVIII (Earth-616)/Quotes,Napoleonic Wars,World War II,			Languages			 ,Русский,Türkçe,